<?xml version="1.0" encoding="UTF-8"?>
<project-private xmlns="http://www.netbeans.org/ns/project-private/1">
    <editor-bookmarks xmlns="http://www.netbeans.org/ns/editor-bookmarks/2" lastBookmarkId="0"/>
    <open-files xmlns="http://www.netbeans.org/ns/projectui-open-files/2">
        <group>
            <file>file:/C:/Users/SOFIA/Documents/ITAM/TERCER%20SEMESTRE/ESTRUCTURAS%20DE%20DATOS%202/Listas/src/listas/Lista.java</file>
            <file>file:/C:/Users/SOFIA/Documents/ITAM/TERCER%20SEMESTRE/ESTRUCTURAS%20DE%20DATOS%202/Listas/src/listas/ListaDes.java</file>
            <file>file:/C:/Users/SOFIA/Documents/ITAM/TERCER%20SEMESTRE/ESTRUCTURAS%20DE%20DATOS%202/Listas/src/listas/ListaOrd.java</file>
        </group>
    </open-files>
</project-private>
